Pais,Cerrar fronteras,Cerrar escuelas,Auto-aislamiento,Distanciamiento,Cancelar eventos públicos,Cuarentena total,Usar máscaras,Tests totales,
Afghanistan,,,,,,,,,
Akrotiri and Dhekelia,,,,,,,,,
Åland Islands,,,,,,,,,
Albania,,,,,,,,,
Algeria,,,,,,,,,
Andorra,,,,,,,,,
Angola,,,,,,,,,
Anguilla,,,,,,,,,
Antigua and Barbuda,,,,,,,,,
Argentina,,,,,,,,,
Armenia,,,,,,,,,
Aruba,,,,,,,,,
Australia,,,,,,,,,
Austria,,2020-03-14,2020-03-16,2020-30-16,2020-03-10,,,,
Azerbaijan,,,,,,,,,
Bahamas,,,,,,,,,
Bahrain,,,,,,,,,
Bangladesh,,,,,,,,,
Barbados,,,,,,,,,
Belarus,,,,,,,,,
Belgium,,2020-03-14,2020-03-10,2020-03-14,2020-03-12,2020-03-18,,,
Belize,,,,,,,,,
Benin,,,,,,,,,
Bermuda,,,,,,,,,
Bhutan,,,,,,,,,
Bolivia,,,,,,,,,
Bosnia and Herzegovina,,,,,,,,,
Botswana,,,,,,,,,
Brazil,,,,,,,,,
British Virgin Islands,,,,,,,,,
Brunei,,,,,,,,,
Bulgaria,,,,,,,,,
Burkina Faso,,,,,,,,,
Burundi,,,,,,,,,
Cambodia,,,,,,,,,
Cameroon,,,,,,,,,
Canada,,,,,,,,,
Cape Verde,,,,,,,,,
Cayman Islands,,,,,,,,,
Central African Republic,,,,,,,,,
Chad,,,,,,,,,
Chile,,,,,,,,,
China,,,,,,,,,
Colombia,,,,,,,,,
Coral Princess,,,,,,,,,
Costa Rica,,,,,,,,,
Croatia,,,,,,,,,
Cuba,,,,,,,,,
Curaçao,,,,,,,,,
Cyprus,,,,,,,,,
Czech Republic,,,,,,,,,
Denmark,,2020-03-13,2020-03-12,2020-03-13,2020-03-12,,,,
Diamond Princess,,,,,,,,,
Djibouti,,,,,,,,,
Dominica,,,,,,,,,
Dominican Republic,,,,,,,,,
Donetsk People's Republic,,,,,,,,,
DR Congo,,,,,,,,,
East Timor,,,,,,,,,
Ecuador,,,,,,,,,
Egypt,,,,,,,,,
El Salvador,,,,,,,,,
Equatorial Guinea,,,,,,,,,
Eritrea,,,,,,,,,
Estonia,,,,,,,,,
Eswatini,,,,,,,,,
Ethiopia,,,,,,,,,
Falkland Islands,,,,,,,,,
Faroe Islands,,,,,,,,,
Fiji,,,,,,,,,
Finland,,,,,,,,,
France,,2020-03-14,2020-03-16,2020-03-16,2020-03-13,2020-03-17,,,
French Guiana,,,,,,,,,
French Polynesia,,,,,,,,,
Gabon,,,,,,,,,
Gambia,,,,,,,,,
Georgia,,,,,,,,,
Germany,,2020-03-14,2020-03-06,2020-03-12,2020-03-22,,,,
Ghana,,,,,,,,,
Gibraltar,,,,,,,,,
Greece,,,,,,,,,
Greenland,,,,,,,,,
Grenada,,,,,,,,,
Guadeloupe,,,,,,,,,
Guam,,,,,,,,,
Guantanamo Bay,,,,,,,,,
Guatemala,,,,,,,,,
Guernsey,,,,,,,,,
Guinea,,,,,,,,,
Guinea-Bissau,,,,,,,,,
Guyana,,,,,,,,,
Haiti,,,,,,,,,
Honduras,,,,,,,,,
Hong Kong,,,,,,,,,
Hungary,,,,,,,,,
Iceland,,,,,,,,,
India,,,,,,,,,
Indonesia,,,,,,,,,
Iran,,,,,,,,,
Iraq,,,,,,,,,
Ireland,,,,,,,,,
Isle of Man,,,,,,,,,
Israel,,,,,,,,,
Italy,,2020-03-05,2020-03-09,2020-03-09,2020-03-09,2020-03-11,,,
Ivory Coast,,,,,,,,,
Jamaica,,,,,,,,,
Japan,,,,,,,,,
Jersey,,,,,,,,,
Jordan,,,,,,,,,
Kazakhstan,,,,,,,,,
Kenya,,,,,,,,,
Kosovo,,,,,,,,,
Kuwait,,,,,,,,,
Kyrgyzstan,,,,,,,,,
Laos,,,,,,,,,
Latvia,,,,,,,,,
Lebanon,,,,,,,,,
Liberia,,,,,,,,,
Libya,,,,,,,,,
Liechtenstein,,,,,,,,,
Lithuania,,,,,,,,,
Luhansk People's Republic,,,,,,,,,
Luxembourg,,,,,,,,,
Macau,,,,,,,,,
Madagascar,,,,,,,,,
Malawi,,,,,,,,,
Malaysia,,,,,,,,,
Maldives,,,,,,,,,
Mali,,,,,,,,,
Malta,,,,,,,,,
Martinique,,,,,,,,,
Mauritania,,,,,,,,,
Mauritius,,,,,,,,,
Mayotte,,,,,,,,,
Mexico,,,,,,,,,
Moldova,,,,,,,,,
Monaco,,,,,,,,,
Mongolia,,,,,,,,,
Montenegro,,,,,,,,,
Montserrat,,,,,,,,,
Morocco,,,,,,,,,
Mozambique,,,,,,,,,
MS Zaandam & Rotterdam,,,,,,,,,
Myanmar,,,,,,,,,
Namibia,,,,,,,,,
Nepal,,,,,,,,,
Netherlands,,,,,,,,,
New Caledonia,,,,,,,,,
New Zealand,,,,,,,,,
Nicaragua,,,,,,,,,
Niger,,,,,,,,,
Nigeria,,,,,,,,,
North Macedonia,,,,,,,,,
Northern Cyprus,,,,,,,,,
Northern Mariana Islands,,,,,,,,,
Norway,,2020-03-13,2020-03-15,2020-03-16,2020-03-12,,,,
Oman,,,,,,,,,
Pakistan,,,,,,,,,
Palestine,,,,,,,,,
Panama,,,,,,,,,
Papua New Guinea,,,,,,,,,
Paraguay,,,,,,,,,
Peru,,,,,,,,,
Philippines,,,,,,,,,
Poland,,,,,,,,,
Portugal,,,,,,,,,
Puerto Rico,,,,,,,,,
Qatar,,,,,,,,,
Republic of the Congo,,,,,,,,,
Réunion,,,,,,,,,
Romania,,,,,,,,,
Russia,,,,,,,,,
Rwanda,,,,,,,,,
Saint Barthélemy,,,,,,,,,
Saint Kitts and Nevis,,,,,,,,,
Saint Lucia,,,,,,,,,
Saint Martin,,,,,,,,,
San Marino,,,,,,,,,
Saudi Arabia,,,,,,,,,
Senegal,,,,,,,,,
Serbia,,,,,,,,,
Seychelles,,,,,,,,,
Sierra Leone,,,,,,,,,
Singapore,,,,,,,,,
Sint Eustatius,,,,,,,,,
Sint Maarten,,,,,,,,,
Slovakia,,,,,,,,,
Slovenia,,,,,,,,,
Somalia,,,,,,,,,
Somaliland,,,,,,,,,
South Africa,,,,,,,,,
South Korea,,,,,,,,,
Spain,,2020-03-13,2020-03-17,2020-03-09,2020-03-14,2020-03-14,,,
Sri Lanka,,,,,,,,,
St. Vincent & the Grenadines,,,,,,,,,
Sudan,,,,,,,,,
Suriname,,,,,,,,,
Sweden,,2020-03-18,2020-03-10,2020-03-16,2020-03-12,,,,
Switzerland,,2020-03-14,2020-03-02,2020-03-16,2020-03-13,,,,
Syria,,,,,,,,,
Taiwan,,,,,,,,,
Tanzania,,,,,,,,,
Thailand,,,,,,,,,
Togo,,,,,,,,,
Trinidad and Tobago,,,,,,,,,
Tunisia,,,,,,,,,
Turkey,,,,,,,,,
Turks and Caicos Islands,,,,,,,,,
U.S. Virgin Islands,,,,,,,,,
Uganda,,,,,,,,,
Ukraine,,,,,,,,,
United Arab Emirates,,,,,,,,,
United Kingdom,,2020-03-21,2020-03-12,2020-03-16,2020-03-24,2020-03-24,,,
United States,,,,,,,,,
Uruguay,,,,,,,,,
USS Theodore Roosevelt,,,,,,,,,
Uzbekistan,,,,,,,,,
Vatican City,,,,,,,,,
Venezuela,,,,,,,,,
Vietnam,,,,,,,,,
Zambia,,,,,,,,,
Zimbabwe,,,,,,,,,